{"cameraMode":{"drawMode":0,"name":"Shaded","section":"Shading Mode"},"sceneLighting":false,"audioPlay":false,"sceneViewState":{"m_AlwaysRefresh":false,"showFog":true,"showSkybox":false,"showFlares":true,"showImageEffects":true,"showParticleSystems":true,"showVisualEffectGraphs":true,"m_FxEnabled":true},"in2DMode":false,"pivot":{"x":-2.8529999256134035,"y":0.6499999761581421,"z":3.447999954223633},"rotation":{"x":0.40545159578323367,"y":0.08481794595718384,"z":-0.037815921008586887,"w":0.9093888998031616},"size":0.19918586313724519,"orthographic":true}