{"cameraMode":{"drawMode":0,"name":"Shaded","section":"Shading Mode"},"sceneLighting":true,"audioPlay":false,"sceneViewState":{"m_AlwaysRefresh":false,"showFog":true,"showSkybox":true,"showFlares":true,"showImageEffects":true,"showParticleSystems":true,"showVisualEffectGraphs":true,"m_FxEnabled":true},"in2DMode":false,"pivot":{"x":-0.7504898309707642,"y":2.186598777770996,"z":-1.4713144302368165},"rotation":{"x":-0.014927834272384644,"y":-0.22044046223163606,"z":-0.00336530152708292,"w":0.9753134846687317},"size":1.6600897312164307,"orthographic":true}