{"cameraMode":{"drawMode":0,"name":"Shaded","section":"Shading Mode"},"sceneLighting":true,"audioPlay":false,"sceneViewState":{"m_AlwaysRefresh":false,"showFog":true,"showSkybox":true,"showFlares":true,"showImageEffects":true,"showParticleSystems":true,"showVisualEffectGraphs":true,"m_FxEnabled":true},"in2DMode":false,"pivot":{"x":-0.04783950373530388,"y":1.6606589555740357,"z":-0.5561782717704773},"rotation":{"x":0.615060031414032,"y":0.012835043482482434,"z":-0.010626265779137612,"w":0.7884306907653809},"size":0.07500004023313523,"orthographic":false}