{"cameraMode":{"drawMode":0,"name":"Shaded","section":"Shading Mode"},"sceneLighting":true,"audioPlay":false,"sceneViewState":{"m_AlwaysRefresh":false,"showFog":true,"showSkybox":true,"showFlares":true,"showImageEffects":true,"showParticleSystems":true,"showVisualEffectGraphs":true,"m_FxEnabled":true},"in2DMode":false,"pivot":{"x":-0.7504898309707642,"y":2.186598777770996,"z":-1.4713144302368165},"rotation":{"x":0.03777720034122467,"y":0.5749061703681946,"z":-0.026565231382846834,"w":0.8169569373130798},"size":3.8312554359436037,"orthographic":true}