{"cameraMode":{"drawMode":0,"name":"Shaded","section":"Shading Mode"},"sceneLighting":true,"audioPlay":false,"sceneViewState":{"m_AlwaysRefresh":false,"showFog":true,"showSkybox":true,"showFlares":true,"showImageEffects":true,"showParticleSystems":true,"showVisualEffectGraphs":true,"m_FxEnabled":true},"in2DMode":false,"pivot":{"x":-2.9818482398986818,"y":2.3682310581207277,"z":1.4254690408706666},"rotation":{"x":0.4478604197502136,"y":0.21219965815544129,"z":-0.11031118035316467,"w":0.8615244626998901},"size":2.294919013977051,"orthographic":true}