{"cameraMode":{"drawMode":0,"name":"Shaded","section":"Shading Mode"},"sceneLighting":true,"audioPlay":false,"sceneViewState":{"m_AlwaysRefresh":false,"showFog":true,"showSkybox":true,"showFlares":true,"showImageEffects":true,"showParticleSystems":true,"showVisualEffectGraphs":true,"m_FxEnabled":true},"in2DMode":false,"pivot":{"x":0.05463549494743347,"y":0.9195996522903442,"z":0.7915785908699036},"rotation":{"x":0.12078886479139328,"y":-0.2097732126712799,"z":0.026124143972992898,"w":0.9699113368988037},"size":2.48958158493042,"orthographic":true}