{"cameraMode":{"drawMode":0,"name":"Shaded","section":"Shading Mode"},"sceneLighting":true,"audioPlay":false,"sceneViewState":{"m_AlwaysRefresh":false,"showFog":true,"showSkybox":true,"showFlares":true,"showImageEffects":true,"showParticleSystems":true,"showVisualEffectGraphs":true,"m_FxEnabled":true},"in2DMode":false,"pivot":{"x":-0.030140668153762819,"y":1.732886791229248,"z":0.36923539638519289},"rotation":{"x":-0.13733376562595368,"y":-0.3586962819099426,"z":0.05344265326857567,"w":-0.9217759966850281},"size":4.946774959564209,"orthographic":true}