{"cameraMode":{"drawMode":0,"name":"Shaded","section":"Shading Mode"},"sceneLighting":true,"audioPlay":false,"sceneViewState":{"m_AlwaysRefresh":false,"showFog":true,"showSkybox":true,"showFlares":true,"showImageEffects":true,"showParticleSystems":true,"showVisualEffectGraphs":true,"m_FxEnabled":true},"in2DMode":false,"pivot":{"x":-0.23915424942970277,"y":1.765898585319519,"z":3.6686859130859377},"rotation":{"x":0.1310010403394699,"y":0.8690136075019836,"z":-0.3399556577205658,"w":0.3348512053489685},"size":0.1585068255662918,"orthographic":false}