{"cameraMode":{"drawMode":0,"name":"Shaded","section":"Shading Mode"},"sceneLighting":true,"audioPlay":false,"sceneViewState":{"m_AlwaysRefresh":false,"showFog":true,"showSkybox":true,"showFlares":true,"showImageEffects":true,"showParticleSystems":true,"showVisualEffectGraphs":true,"m_FxEnabled":true},"in2DMode":false,"pivot":{"x":-0.9381358027458191,"y":2.0193262100219728,"z":-0.4682728946208954},"rotation":{"x":0.35487276315689089,"y":0.39901992678642275,"z":-0.171303853392601,"w":0.8280596733093262},"size":0.049011632800102237,"orthographic":false}