{"cameraMode":{"drawMode":0,"name":"Shaded","section":"Shading Mode"},"sceneLighting":true,"audioPlay":false,"sceneViewState":{"m_AlwaysRefresh":false,"showFog":true,"showSkybox":true,"showFlares":true,"showImageEffects":true,"showParticleSystems":true,"showVisualEffectGraphs":true,"m_FxEnabled":true},"in2DMode":false,"pivot":{"x":-0.8061176538467407,"y":1.4152872562408448,"z":-1.7565217018127442},"rotation":{"x":0.19628605246543885,"y":0.6443840861320496,"z":-0.17617595195770265,"w":0.7178487181663513},"size":0.24503697454929353,"orthographic":false}