{"cameraMode":{"drawMode":0,"name":"Shaded","section":"Shading Mode"},"sceneLighting":true,"audioPlay":false,"sceneViewState":{"m_AlwaysRefresh":false,"showFog":true,"showSkybox":true,"showFlares":true,"showImageEffects":true,"showParticleSystems":true,"showVisualEffectGraphs":true,"m_FxEnabled":true},"in2DMode":false,"pivot":{"x":-0.04320404306054115,"y":0.3942268192768097,"z":0.08156140893697739},"rotation":{"x":0.6756262183189392,"y":0.029179906472563745,"z":-0.026768527925014497,"w":0.7362304329872131},"size":1.3246662616729737,"orthographic":false}