{"cameraMode":{"drawMode":0,"name":"Shaded","section":"Shading Mode"},"sceneLighting":true,"audioPlay":false,"sceneViewState":{"m_AlwaysRefresh":false,"showFog":true,"showSkybox":true,"showFlares":true,"showImageEffects":true,"showParticleSystems":true,"showVisualEffectGraphs":true,"m_FxEnabled":true},"in2DMode":false,"pivot":{"x":-0.4149233400821686,"y":0.3082859516143799,"z":0.6561866402626038},"rotation":{"x":0.23292455077171327,"y":0.24342751502990724,"z":-0.06036195904016495,"w":0.9396179914474487},"size":3.4663729667663576,"orthographic":true}