{"cameraMode":{"drawMode":0,"name":"Shaded","section":"Shading Mode"},"sceneLighting":true,"audioPlay":false,"sceneViewState":{"m_AlwaysRefresh":false,"showFog":true,"showSkybox":true,"showFlares":true,"showImageEffects":true,"showParticleSystems":true,"showVisualEffectGraphs":true,"m_FxEnabled":true},"in2DMode":false,"pivot":{"x":-0.028630312532186509,"y":0.3660578727722168,"z":0.11978493630886078},"rotation":{"x":0.24940015375614167,"y":0.14519493281841279,"z":-0.03783293813467026,"w":0.9567409753799439},"size":0.8529892563819885,"orthographic":false}