{"cameraMode":{"drawMode":0,"name":"Shaded","section":"Shading Mode"},"sceneLighting":true,"audioPlay":false,"sceneViewState":{"m_AlwaysRefresh":false,"showFog":true,"showSkybox":true,"showFlares":true,"showImageEffects":true,"showParticleSystems":true,"showVisualEffectGraphs":true,"m_FxEnabled":true},"in2DMode":false,"pivot":{"x":-0.7999671101570129,"y":2.193039894104004,"z":1.4602211713790894},"rotation":{"x":0.15136007964611054,"y":-0.17835696041584016,"z":0.027774419635534288,"w":0.9718652963638306},"size":3.073653221130371,"orthographic":true}