{"cameraMode":{"drawMode":0,"name":"Shaded","section":"Shading Mode"},"sceneLighting":true,"audioPlay":false,"sceneViewState":{"m_AlwaysRefresh":false,"showFog":true,"showSkybox":true,"showFlares":true,"showImageEffects":true,"showParticleSystems":true,"showVisualEffectGraphs":true,"m_FxEnabled":true},"in2DMode":false,"pivot":{"x":-0.5434396862983704,"y":0.7548580765724182,"z":-2.3094239234924318},"rotation":{"x":0.2412889152765274,"y":0.4199439287185669,"z":-0.11684028059244156,"w":0.8671011924743652},"size":0.24503697454929353,"orthographic":false}