{"cameraMode":{"drawMode":0,"name":"Shaded","section":"Shading Mode"},"sceneLighting":true,"audioPlay":false,"sceneViewState":{"m_AlwaysRefresh":false,"showFog":true,"showSkybox":true,"showFlares":true,"showImageEffects":true,"showParticleSystems":true,"showVisualEffectGraphs":true,"m_FxEnabled":true},"in2DMode":false,"pivot":{"x":0.20335012674331666,"y":0.05905771255493164,"z":0.996819257736206},"rotation":{"x":0.31886744499206545,"y":-0.04405147582292557,"z":0.014837972819805146,"w":0.9466599225997925},"size":2.9769983291625978,"orthographic":true}