{"cameraMode":{"drawMode":0,"name":"Shaded","section":"Shading Mode"},"sceneLighting":true,"audioPlay":false,"sceneViewState":{"m_AlwaysRefresh":false,"showFog":true,"showSkybox":true,"showFlares":true,"showImageEffects":true,"showParticleSystems":true,"showVisualEffectGraphs":true,"m_FxEnabled":true},"in2DMode":false,"pivot":{"x":0.08916012197732926,"y":0.8265253901481628,"z":-0.999981164932251},"rotation":{"x":0.24352045357227326,"y":-0.012031854130327702,"z":0.0029858218040317299,"w":0.9698697924613953},"size":0.3104892671108246,"orthographic":false}