{"cameraMode":{"drawMode":0,"name":"Shaded","section":"Shading Mode"},"sceneLighting":true,"audioPlay":false,"sceneViewState":{"m_AlwaysRefresh":false,"showFog":true,"showSkybox":true,"showFlares":true,"showImageEffects":true,"showParticleSystems":true,"showVisualEffectGraphs":true,"m_FxEnabled":true},"in2DMode":false,"pivot":{"x":-1.0745441913604737,"y":0.7337421178817749,"z":-1.0194637775421143},"rotation":{"x":0.11163054406642914,"y":0.4475786089897156,"z":-0.05640708655118942,"w":0.8854880332946777},"size":0.1585068255662918,"orthographic":false}