{"cameraMode":{"drawMode":0,"name":"Shaded","section":"Shading Mode"},"sceneLighting":true,"audioPlay":false,"sceneViewState":{"m_AlwaysRefresh":false,"showFog":true,"showSkybox":true,"showFlares":true,"showImageEffects":true,"showParticleSystems":true,"showVisualEffectGraphs":true,"m_FxEnabled":true},"in2DMode":false,"pivot":{"x":-0.7317600250244141,"y":0.69239741563797,"z":-0.11460878700017929},"rotation":{"x":0.16595035791397096,"y":0.585877537727356,"z":-0.12457048892974854,"w":0.7835017442703247},"size":0.046297989785671237,"orthographic":false}